{
  "schema_version": "1.0.0",
  "current_version": "1.0.0",
  "versions": [
    {
      "version": "0.1.0",
      "timestamp": "2026-01-01T10:00:00Z",
      "author": {
        "name": "MDX Working Group",
        "email": "mdx@example.org"
      },
      "message": "Initial draft",
      "snapshot": {
        "type": "full",
        "path": "history/snapshots/v0.1.0.md"
      },
      "changes": {
        "summary": "Initial document creation",
        "added": [
          "document.md"
        ]
      }
    },
    {
      "version": "1.0.0",
      "timestamp": "2026-01-11T16:31:42Z",
      "author": {
        "name": "MDX Working Group",
        "email": "mdx@example.org"
      },
      "message": "Release version with complete documentation",
      "snapshot": {
        "type": "full",
        "path": "history/snapshots/v1.0.0.md"
      },
      "parent_version": "0.1.0",
      "changes": {
        "summary": "Added assets, styling, and examples",
        "added": [
          "assets/images/structure-diagram.svg",
          "assets/images/model-preview.svg",
          "assets/data/quarterly-results.csv",
          "assets/models/component.gltf",
          "styles/theme.css"
        ],
        "modified": [
          "document.md",
          "manifest.json"
        ]
      },
      "tags": [
        "release"
      ]
    }
  ]
}