{
  "schema_version": "1.0.0",
  "@context": "http://www.w3.org/ns/anno.jsonld",
  "annotations": [
    {
      "id": "urn:mdx:annotation:3e67eb42-5e34-4171-9316-c01c9b4e1817",
      "type": "Annotation",
      "motivation": "commenting",
      "created": "2026-01-11T16:31:42Z",
      "creator": {
        "type": "Person",
        "name": "Reviewer"
      },
      "target": {
        "source": "document.md",
        "selector": {
          "type": "TextQuoteSelector",
          "exact": "Radical Openness"
        }
      },
      "body": {
        "type": "TextualBody",
        "value": "This principle is key to the format's success.",
        "format": "text/plain"
      },
      "mdx:status": "open"
    },
    {
      "id": "urn:mdx:annotation:cc88eecf-fc52-414a-acf6-ee38ea35cc27",
      "type": "Annotation",
      "motivation": "highlighting",
      "created": "2026-01-11T16:31:42Z",
      "creator": {
        "type": "Person",
        "name": "Reader"
      },
      "target": {
        "source": "document.md",
        "selector": {
          "type": "TextQuoteSelector",
          "exact": "self-contained document archive"
        }
      },
      "body": {
        "type": "TextualBody",
        "value": "Key concept!",
        "format": "text/plain"
      },
      "mdx:status": "active"
    }
  ]
}